Polling agency,Ranking
VDP Associates,0.75
The Week,0.761792458
Times Now,0.843019385
CVoter,0.875914609
India Today,0.915754503
ABP News,0.926869819
Karvy,0.940594155
Zee 24 Taas,0.945253385
Nielsen,0.951169625
CSDS,1.011886139
CNN-IBN,1.013901558
News Nation,1.031826435
VMR,1.033332305
India TV,1.041889898
Hansa Research,1.087264153
CNX,1.109806368
Lokniti,1.118134252
NDTV,1.25